tom@gmail.com,Thomas Wiseau,tommyw2003
joe@gmail.com,Joseph Conny,jc2142
james@gmail.com,James Butt ,jb123
Josephine@gmail.com,Josephine Darakjy,darakjy2017
Vart@gmail.com,Art Venere,Artisgreat05
Plenna@gmail.com,Lenna Paprocki,0523Lenna
Donette@gmail.com,Donette Foller,willDonate100
Simona@gmail.com,Simona Morasca,simonsiman0156
T.Mitsue@gmail.com,Mitsue Tollner,tallerM5364j
D.leota@gmail.com,Leota Dilliard,leonaldlove0624
W.sage@gmail.com,Sage Wieser,WhiteSage69
Kris@gmail.com,Kris Marrier,muchoKris54
